First name,Middle name,Last name,Address 1 line 1,Address 1 line 2,Address 1 city,Address 1 state,Address 1 zip,Address 2 line 1,Address 2 line 2,Address 2 city,Address 2 state,Address 2 zip,Phone 1 number,Phone 1 type,Phone 2 number,Phone 2 type,Phone 3 number,Phone 3 type,License number,Last update date
Horacio,Kemmer,Hagenes,4616 Rowe Union,Suite 412,North Bryon,NJ,67143,4677 Wilkinson Lights,Suite 923,North Regan,WY,83546,(303) 401-1552,Business,,,(462) 526-0410,Home,1136381003,2019-07-18
Jose,,Crona,42397 Gaylord Street,,North Brentton,KS,80690-9841,417 Lera Mountains,,Port Kristieville,NV,27701-1331,274.971.7395,Cell,185-573-7498,Business,1-203-270-8147,Cell,2091385097,2019-02-02
Demetrius,Treutel,Aufderhar,211 Danika Harbor,Apt. 974,Bashirianstad,AR,94601-4085,6536 McDermott Wells,,Larrainefort,NE,90966,871-433-5257,Cell,506.807.5907,Business,977.793.3850,Cell,9747871463,2018-08-20
Elvis,,Smith,244 Adriane Place,Apt. 528,South Jayson,TX,88399,51570 Bode Cliffs,Apt. 543,Ellisstad,OR,88210,109.449.3354,Cell,878-538-1711,Cell,883-888-8462,Business,1792353763,2018-07-18
Fawn,Tremblay,Hauck,2432 Carter Wells,,South Leathaview,MO,22128,99534 Raul Corner,Suite 125,West Marchaven,SD,45779,1-445-348-5833,Cell,500-745-5375,Cell,837.648.9725,Home,8455363756,2018-04-16
Barrett,Grimes,Daugherty,1547 Beer Flats,,North Kamifurt,OR,00300,26773 Cummings Isle,,Port Raymondfort,MI,27693,1-866-637-6275,Business,,,(469) 572-9210,Home,6340487170,2018-09-08
Audria,,Bednar,3593 Haley Pike,Apt. 908,Port Bartland,NM,01443-2607,5290 Doyle Glens,Apt. 795,Hansenshire,SC,46575,1-940-952-9342,Cell,1-155-628-4717,Cell,421.427.0835,Business,3835593130,2018-08-05
Syreeta,Carroll,Carroll,27360 Ziemann Street,Apt. 484,Richshire,MO,03907-7117,4483 Cristobal Ways,,South Lanny,MO,58344,(588) 209-6093,Cell,909.854.2724,Cell,(446) 695-6117,Business,6389159292,2018-12-25
Charles,Schuppe,Kuhn,3260 Heller Row,Apt. 800,Blandaborough,OK,63956-3752,537 Streich Trail,Apt. 476,North Margartton,SC,31579-8476,1-820-610-2381,Cell,(260) 402-9264,Cell,657-524-0302,Business,4477541484,2018-09-14
Frank,D'Amore,Kuhn,7360 Cummerata Field,,Jaskolskimouth,MO,85098,8844 Kirlin Vista,,Runolfsdottirton,SC,37379,363-725-8612,Business,(799) 233-3173,Home,190-718-1787,Business,4506210277,2019-03-05
Terrence,Conroy,McClure,69731 Otha Prairie,Suite 556,Lake Michel,UT,88453,2123 Renato Wall,Suite 193,Heribertomouth,RI,47035,(415) 783-6180,Cell,1-960-700-4706,Home,(497) 612-9672,Home,"",2019-06-20
Annmarie,,Friesen,90742 Clarence Ramp,Apt. 220,Rosamondshire,LA,97057-6927,34072 Devora Wall,,South Vadashire,NE,00351-7975,444.433.3451,Business,1-295-463-1848,Business,213.839.3300,Business,6097904601,2019-06-14
Indira,Stoltenberg,Schimmel,123 Rodriguez Causeway,,North Bart,IN,61786-1652,129 Raphael Creek,,Konopelskimouth,NH,76895,(895) 909-1834,Home,1-898-901-8072,Business,,,8745924391,2018-03-06
Ella,,Wintheiser,812 Stiedemann Highway,Suite 584,Shenitahaven,CA,55128-1131,9846 Sabrina Neck,,New Elsie,DE,14318-6302,(133) 869-7515,Home,1-365-228-3053,Home,1-713-916-3109,Cell,6959013407,2018-03-19
Freddie,,Halvorson,8323 Schumm Tunnel,,Lake Otha,FL,03441-1799,1698 Randy Views,Suite 208,New Garrett,AK,54646,(244) 469-4581,Business,1-381-534-7783,Home,190-743-0824,Cell,2521032667,2019-10-29
Rashad,,Mraz,2785 Fisher Freeway,,McLaughlinborough,KS,90615,23027 Barton Court,,Larsonville,MS,03869,716-938-7092,Business,1-523-066-2005,Home,(442) 525-5902,Business,3971677088,2019-01-03
Bernardina,Hackett,Ward,120 Albertha Hill,Suite 301,Blandaborough,NM,31778-1771,668 Cinderella Divide,,East Maida,HI,51987,188.249.6271,Business,1-732-640-9735,Business,550-019-6065,Cell,8643408036,2018-01-14
Mack,Bosco,Nikolaus,747 Arthur Trafficway,Suite 531,Bergstromview,LA,06657-8248,7912 Borer Land,,East Rosaliaville,NV,81423,(761) 959-6848,Home,,,597-711-8433,Business,8827408445,2019-10-08
Tandy,,Bechtelar,3335 Heathcote Underpass,Suite 522,Denesikland,OK,34955,6937 Anne Grove,,Doyleside,KS,33435-3930,1-145-812-7447,Business,820-067-9289,Business,(442) 080-6987,Business,2573742257,2019-03-16
Palmer,Rau,Stanton,3275 Bertram Drive,,West Velia,DE,79919,506 Goldner Hollow,,South Krystinaport,IA,52456-7348,287.765.0283,Home,(842) 733-0349,Cell,(322) 235-8726,Home,2982457085,2019-08-15
Mia,Kozey,Little,82567 Tromp Landing,Apt. 975,Claudeview,VA,15617-8266,,,,,,560-869-8804,Business,938-176-1539,Cell,467.649.4482,Home,1036471361,2019-10-11
Claris,Thompson,Marvin,993 Gaylord Cliffs,,Sanfordton,AZ,02980,8471 Felipa Key,Apt. 702,East Dino,MA,29904,401-400-5276,Cell,321-830-8698,Home,1-858-763-1448,Cell,"",2018-10-15
Bryon,Schamberger,Breitenberg,492 Hammes Drives,,Maloriefurt,PA,79428-3477,7093 Welch Roads,Apt. 667,Rogahnport,WA,90944,(381) 456-6700,Home,(104) 684-8643,Home,666.346.1234,Home,3558735893,2018-02-12
Tandra,Moore,Rutherford,887 Goodwin Mews,Apt. 982,Mannside,WI,92976,34801 Mindi Islands,,North Pandora,NY,48064-7124,1-800-CALL2ME,Home,1-475-442-7696,Business,1-543-829-7976,Cell,8205910779,2018-07-06
Yon,Zemlak,Cassin,75261 Orn Flats,Suite 325,Borisshire,DE,40947-5050,89986 Gabriella Throughway,Suite 480,Dillonville,ID,10463,1-705-021-9628,Business,,,(330) 052-6112,Home,9812209595,2018-10-22
Vernie,Ziemann,Bauch,34308 Anderson Squares,Suite 122,Port Ramirochester,OH,91644,286 Adan Fall,,South Kamilahfort,OR,75919-9316,1-816-639-7750,Business,858.171.2363,Home,499.336.8517,Cell,8929516268,2018-02-05
Twyla,Mosciski,Trantow,7716 Spinka Points,Apt. 955,Koeppville,DE,27832,94935 Cyrus Alley,Suite 706,South Abe,WV,04349-7520,261.205.7418,Business,(470) 621-7967,Cell,907.610.9360,Home,1343639403,2018-05-22
Quinton,Hills,Pacocha,299 Dong Vista,,Kieratown,PA,67777-4043,412 Shay Branch,Apt. 344,South Everettmouth,NJ,57602-4021,(942) 836-4152,Cell,283.036.0465,Cell,981-016-6258,Cell,3568480060,2018-11-09
Deneen,Wunsch,Bogan,6060 Micheal Turnpike,Suite 509,Cristyfurt,PA,21765-4395,7989 Renda Dale,Apt. 919,South Nathalie,MN,39667-3965,(267) 393-3015,Cell,,,,,1019295142,2018-07-21
Ned,,Dooley,546 Hershel Motorway,Suite 500,Weimanntown,PA,45110-4826,606 Kling Stravenue,,Ivytown,UT,37875,1-485-718-4487x10,Cell,166-779-2566,Home,284.272.5890,Home,4737145012,2018-05-30
Johanna,Bogan,Bogan,61925 Jasper Dam,,South Sherisechester,OR,42017-2275,2216 Leuschke Stream,Suite 584,Roobfurt,NC,98796,498-081-1528,Home,1-327-724-0432,Cell,868-166-7058,Cell,9756545677,2019-02-19
Traci,,Simonis,683 O'Hara Mountains,,West Pollyport,NJ,16903-5009,18033 Aubrey Falls,,Port Emmanuel,OR,20049-6031,(378) 835-3546,Business,113.782.7969,Home,521.086.6354,Business,9353333324,2018-09-26
Renaldo,,Treutel,54936 Suellen Cape,,East Myriam,PA,85385-8534,66625 Lesley Rapids,,Mullerton,MO,34975-5498,596-121-6210,Home,159-313-5563,Home,299.221.2277,Business,2680449755,2019-08-26
Shad,,West,6153 Considine Track,Suite 943,East Porter,KY,01384-5971,3567 Tempie Vista,,Darcelmouth,LA,25691,1-327-732-9854,Cell,642.072.4613,Home,152.716.5647,Cell,1328313034,2018-04-03
Brendan,Beahan,Zulauf,194 Reuben Corner,Suite 339,Watershaven,UT,85124-3405,66942 Tremblay Springs,,Noblemouth,NV,53020,680-454-6576,Home,1-510-411-2225,Cell,769-482-4441,Business,2266955825,2018-05-14
Ahmed,Ferry,Dooley,806 Delcie Prairie,Apt. 908,Francieborough,MD,02780,919 Leisa Divide,,East Cedric,MS,74939-6097,(992) 817-4258,Business,(150) 721-8974,Business,752.803.9345,Cell,5768412867,2019-07-13
Fausto,Dickens,Romaguera,88758 Lashawnda Port,,Port Macview,CA,93533-7606,78271 Lebsack Shoal,Apt. 374,West Daren,NH,39521-3303,936-790-0656,Cell,413-543-3594,Home,292-211-9659,Business,8742037517,2019-11-24
Katelin,Mann,Bogisich,142 Harris Key,,North Aide,NV,17233-7248,7830 Hessel Flat,Suite 325,Daryltown,LA,95020,(699) 170-8738,Cell,(501) 713-6127,Cell,588.977.0024,Home,4471567082,2018-11-12
Glayds,Collins,Mosciski,1574 Brandon Park,,South Dante,PA,55974,2753 Johnnie Isle,Suite 436,West Marybellehaven,MT,83269-0913,672-265-1715,Cell,1-284-316-4028,Business,1-376-622-0324,Business,9924070236,2018-10-21
Candace,,Howell,704 Goldner Burg,,Boscoside,MA,65825,396 Heaney Valleys,Suite 922,North Alyciafort,WI,45487-0163,1-702-945-7721,Home,,,820.271.0758,Home,5043561149,2018-09-26
Tad,,Quigley,21373 Krajcik Park,Suite 670,New Phillis,WY,13026,52229 Prosacco Prairie,Suite 747,Lake Keira,VT,02406-4090,(344) 387-3881,Home,,,(627) 045-8390,Home,5863214571,2019-01-30
Danika,,Reinger,24703 Jaskolski Shoal,,North Dougside,CO,93297,86525 Eleanore Underpass,,East Crysta,ID,14086,1-959-155-3173,Business,,,(490) 643-5659,Home,"",2018-10-23
Hailey,Kulas,Brown,889 Christiane River,Apt. 462,South Latina,OR,46367,678 Murazik Field,,North Leiftown,ME,49982-1669,1-953-713-2950,Home,,,,,7256871343,2017-12-21
Karly,,Thompson,6240 Baumbach Inlet,,Medhurstmouth,CO,86968-3776,985 Stanton Drives,Apt. 357,Port Deonborough,KY,53657,435-935-6460,Cell,,,(631) 042-1704,Home,7954211335,2018-07-10
Deandre,,Walker,89345 Antione Loaf,Suite 565,Collinsfort,OR,73249-0916,57866 Kub Hollow,Apt. 766,Burlburgh,IA,31504-4644,1-650-282-6902,Home,,,(984) 002-6625,Cell,7846132775,2019-05-03
Brandee,,Powlowski,886 Lon Locks,,Hilpertstad,MI,24778-2901,84751 Beahan Road,Apt. 867,Tomokoberg,VT,41502,137.034.5709,Cell,,,1-955-086-6920,Cell,2913307140,2019-07-12
Julius,,Klocko,94725 Maribeth Mountain,Apt. 394,New Ezraberg,NJ,64051,,,,,,(816) 232-0937 ext 5501,Cell,,,402.314.0553,Business,1412180276,2019-08-14
Wilmer,Veum,Schulist,50816 Shields Village,Suite 336,South Racquelmouth,VA,05354,315 Linwood Via,,Reillymouth,KS,45023-4661,222-280-5805,Business,393.881.2992,Cell,1-509-146-7663,Cell,8777714731,2018-08-30
Nydia,Bailey,Lindgren,841 Stiedemann Inlet,Apt. 993,Johnsonmouth,WV,38115-0344,23379 Nienow Road,,East Florencioburgh,NC,98531,(178) 287-3546,Home,(110) 868-9883,Cell,(607) 522-6385,Cell,1686018392,2018-11-10
Cora,,Weimann,2547 Treutel Islands,Apt. 726,South Enriquebury,PA,01990,758 Granville Gardens,Apt. 730,East Rosena,MO,94257,1-213-208-6742,Business,466.189.2088,Home,1-642-102-6645,Cell,4088611503,2018-04-07
